Title,Media URL,Pinterest board,Thumbnail,Description,Link,Publish date,Keywords
"Shoe Rack For Narrow Entryway","https://doesitfithere.com/promo/shoe-rack-for-narrow-entryway/pins/pin-01.png","Small Spaces That Actually Fit",,"A fit-first guide to narrow entryway shoe racks and slim shoe storage. #ad","https://doesitfithere.com/guides/entryway-shoes/shoe-rack-for-narrow-entryway/?utm_source=pinterest&utm_medium=social&utm_campaign=bulk_promo&utm_content=shoe-rack-for-narrow-entryway-pin-01","2026-08-06T15:00:00","shoe rack for narrow entryway, slim shoe rack, hallway shoe storage"
"The Doorway Pile Has A Measurement","https://doesitfithere.com/promo/shoe-rack-for-narrow-entryway/pins/pin-02.png","Small Spaces That Actually Fit",,"Shoe rack ideas for narrow entryways with fits-if and skip-if notes. #ad","https://doesitfithere.com/guides/entryway-shoes/shoe-rack-for-narrow-entryway/?utm_source=pinterest&utm_medium=social&utm_campaign=bulk_promo&utm_content=shoe-rack-for-narrow-entryway-pin-02","2026-08-07T15:00:00","shoe rack for narrow entryway, slim shoe rack, hallway shoe storage"
"Fits If / Skip If: Shoe Storage","https://doesitfithere.com/promo/shoe-rack-for-narrow-entryway/pins/pin-03.png","Small Spaces That Actually Fit",,"Narrow entryway shoe rack buying guide with measurement checks. #ad","https://doesitfithere.com/guides/entryway-shoes/shoe-rack-for-narrow-entryway/?utm_source=pinterest&utm_medium=social&utm_campaign=bulk_promo&utm_content=shoe-rack-for-narrow-entryway-pin-03","2026-08-08T15:00:00","shoe rack for narrow entryway, slim shoe rack, hallway shoe storage"
"Slim Hamper For Small Bathroom","https://doesitfithere.com/promo/slim-laundry-hamper-small-bathroom/pins/pin-01.png","Tiny Bathroom Storage",,"A fit-first guide to slim laundry hampers for small bathrooms. #ad","https://doesitfithere.com/guides/small-bathroom/slim-laundry-hamper-small-bathroom/?utm_source=pinterest&utm_medium=social&utm_campaign=bulk_promo&utm_content=slim-laundry-hamper-small-bathroom-pin-01","2026-08-09T15:00:00","slim laundry hamper, small bathroom hamper, narrow hamper"
"Do Not Forget Hamper Bulge","https://doesitfithere.com/promo/slim-laundry-hamper-small-bathroom/pins/pin-02.png","Tiny Bathroom Storage",,"Slim bathroom hamper buying tips with measurement checks. #ad","https://doesitfithere.com/guides/small-bathroom/slim-laundry-hamper-small-bathroom/?utm_source=pinterest&utm_medium=social&utm_campaign=bulk_promo&utm_content=slim-laundry-hamper-small-bathroom-pin-02","2026-08-10T15:00:00","slim laundry hamper, small bathroom hamper, narrow hamper"
"Fits If / Skip If: Bathroom Hampers","https://doesitfithere.com/promo/slim-laundry-hamper-small-bathroom/pins/pin-03.png","Tiny Bathroom Storage",,"Small bathroom laundry hamper guide with Amazon search links. #ad","https://doesitfithere.com/guides/small-bathroom/slim-laundry-hamper-small-bathroom/?utm_source=pinterest&utm_medium=social&utm_campaign=bulk_promo&utm_content=slim-laundry-hamper-small-bathroom-pin-03","2026-08-11T15:00:00","slim laundry hamper, small bathroom hamper, narrow hamper"
"Over-Toilet Storage, Low Ceiling?","https://doesitfithere.com/promo/over-toilet-storage-low-ceiling/pins/pin-01.png","Tiny Bathroom Storage",,"A fit-first guide to over-toilet storage for low ceiling bathrooms. #ad","https://doesitfithere.com/guides/small-bathroom/over-toilet-storage-low-ceiling/?utm_source=pinterest&utm_medium=social&utm_campaign=bulk_promo&utm_content=over-toilet-storage-low-ceiling-pin-01","2026-08-12T15:00:00","over toilet storage low ceiling, short over toilet shelf, small bathroom storage"
"The Tank Lid Still Has To Open","https://doesitfithere.com/promo/over-toilet-storage-low-ceiling/pins/pin-02.png","Tiny Bathroom Storage",,"Low ceiling bathroom storage ideas with measurement checks. #ad","https://doesitfithere.com/guides/small-bathroom/over-toilet-storage-low-ceiling/?utm_source=pinterest&utm_medium=social&utm_campaign=bulk_promo&utm_content=over-toilet-storage-low-ceiling-pin-02","2026-08-13T15:00:00","over toilet storage low ceiling, short over toilet shelf, small bathroom storage"
"Fits If / Skip If: Toilet Storage","https://doesitfithere.com/promo/over-toilet-storage-low-ceiling/pins/pin-03.png","Tiny Bathroom Storage",,"Over-toilet storage buying guide for low clearance bathrooms. #ad","https://doesitfithere.com/guides/small-bathroom/over-toilet-storage-low-ceiling/?utm_source=pinterest&utm_medium=social&utm_campaign=bulk_promo&utm_content=over-toilet-storage-low-ceiling-pin-03","2026-08-14T15:00:00","over toilet storage low ceiling, short over toilet shelf, small bathroom storage"
"Drying Rack For Small Apartment","https://doesitfithere.com/promo/drying-rack-small-apartment/pins/pin-01.png","Small Spaces That Actually Fit",,"A fit-first guide to drying racks for small apartment laundry. #ad","https://doesitfithere.com/guides/laundry-corners/drying-rack-small-apartment/?utm_source=pinterest&utm_medium=social&utm_campaign=bulk_promo&utm_content=drying-rack-small-apartment-pin-01","2026-08-15T15:00:00","drying rack small apartment, compact drying rack, foldable drying rack"
"Where Will It Open?","https://doesitfithere.com/promo/drying-rack-small-apartment/pins/pin-02.png","Small Spaces That Actually Fit",,"Compact clothes drying rack guide for small spaces. #ad","https://doesitfithere.com/guides/laundry-corners/drying-rack-small-apartment/?utm_source=pinterest&utm_medium=social&utm_campaign=bulk_promo&utm_content=drying-rack-small-apartment-pin-02","2026-08-16T15:00:00","drying rack small apartment, compact drying rack, foldable drying rack"
"Fits If / Skip If: Drying Racks","https://doesitfithere.com/promo/drying-rack-small-apartment/pins/pin-03.png","Small Spaces That Actually Fit",,"Small apartment drying rack buying guide with measurement checks. #ad","https://doesitfithere.com/guides/laundry-corners/drying-rack-small-apartment/?utm_source=pinterest&utm_medium=social&utm_campaign=bulk_promo&utm_content=drying-rack-small-apartment-pin-03","2026-08-17T15:00:00","drying rack small apartment, compact drying rack, foldable drying rack"
"Compact Desk For Bedroom Corner","https://doesitfithere.com/promo/compact-desk-bedroom-corner/pins/pin-01.png","Small Bedroom Furniture",,"A fit-first guide to compact desks for bedroom corners. #ad","https://doesitfithere.com/guides/tiny-desks/compact-desk-bedroom-corner/?utm_source=pinterest&utm_medium=social&utm_campaign=bulk_promo&utm_content=compact-desk-bedroom-corner-pin-01","2026-08-18T15:00:00","compact desk bedroom corner, small corner desk, narrow desk"
"Small Desk, Big Clearance Problem","https://doesitfithere.com/promo/compact-desk-bedroom-corner/pins/pin-02.png","Small Bedroom Furniture",,"Compact bedroom desk buying guide with measurement checks. #ad","https://doesitfithere.com/guides/tiny-desks/compact-desk-bedroom-corner/?utm_source=pinterest&utm_medium=social&utm_campaign=bulk_promo&utm_content=compact-desk-bedroom-corner-pin-02","2026-08-19T15:00:00","compact desk bedroom corner, small corner desk, narrow desk"
"Fits If / Skip If: Tiny Desks","https://doesitfithere.com/promo/compact-desk-bedroom-corner/pins/pin-03.png","Small Bedroom Furniture",,"Small bedroom desk guide with Amazon search links. #ad","https://doesitfithere.com/guides/tiny-desks/compact-desk-bedroom-corner/?utm_source=pinterest&utm_medium=social&utm_campaign=bulk_promo&utm_content=compact-desk-bedroom-corner-pin-03","2026-08-20T15:00:00","compact desk bedroom corner, small corner desk, narrow desk"
"Rolling Cart Beside Fridge","https://doesitfithere.com/promo/rolling-cart-beside-fridge/pins/pin-01.png","Narrow Kitchen Finds",,"A fit-first guide to slim rolling carts that fit beside a fridge. #ad","https://doesitfithere.com/guides/narrow-kitchen/rolling-cart-beside-fridge/?utm_source=pinterest&utm_medium=social&utm_campaign=bulk_promo&utm_content=rolling-cart-beside-fridge-pin-01","2026-08-21T15:00:00","rolling cart beside fridge, slim rolling cart, fridge gap cart"
"Do Not Trust The Fridge Gap","https://doesitfithere.com/promo/rolling-cart-beside-fridge/pins/pin-02.png","Narrow Kitchen Finds",,"Slim fridge-gap cart buying tips with measurement checks. #ad","https://doesitfithere.com/guides/narrow-kitchen/rolling-cart-beside-fridge/?utm_source=pinterest&utm_medium=social&utm_campaign=bulk_promo&utm_content=rolling-cart-beside-fridge-pin-02","2026-08-22T15:00:00","rolling cart beside fridge, slim rolling cart, fridge gap cart"
"Fits If / Skip If: Fridge Carts","https://doesitfithere.com/promo/rolling-cart-beside-fridge/pins/pin-03.png","Narrow Kitchen Finds",,"Rolling cart beside fridge guide with Amazon search links. #ad","https://doesitfithere.com/guides/narrow-kitchen/rolling-cart-beside-fridge/?utm_source=pinterest&utm_medium=social&utm_campaign=bulk_promo&utm_content=rolling-cart-beside-fridge-pin-03","2026-08-23T15:00:00","rolling cart beside fridge, slim rolling cart, fridge gap cart"
"Under-Bed Bins, Low Clearance","https://doesitfithere.com/promo/under-bed-storage-bins-low-clearance/pins/pin-01.png","Low Clearance Storage",,"A fit-first guide to low-clearance under-bed storage bins. #ad","https://doesitfithere.com/guides/low-clearance-storage/under-bed-storage-bins-low-clearance/?utm_source=pinterest&utm_medium=social&utm_campaign=bulk_promo&utm_content=under-bed-storage-bins-low-clearance-pin-01","2026-08-24T15:00:00","under bed storage low clearance, low profile underbed bins, under bed bins under 6 inches"
"The Wheel Height Counts","https://doesitfithere.com/promo/under-bed-storage-bins-low-clearance/pins/pin-02.png","Low Clearance Storage",,"Low profile under-bed storage buying tips with measurement checks. #ad","https://doesitfithere.com/guides/low-clearance-storage/under-bed-storage-bins-low-clearance/?utm_source=pinterest&utm_medium=social&utm_campaign=bulk_promo&utm_content=under-bed-storage-bins-low-clearance-pin-02","2026-08-25T15:00:00","under bed storage low clearance, low profile underbed bins, under bed bins under 6 inches"
"Fits If / Skip If: Under-Bed Storage","https://doesitfithere.com/promo/under-bed-storage-bins-low-clearance/pins/pin-03.png","Low Clearance Storage",,"Storage bins for under bed low clearance guide with Amazon search links. #ad","https://doesitfithere.com/guides/low-clearance-storage/under-bed-storage-bins-low-clearance/?utm_source=pinterest&utm_medium=social&utm_campaign=bulk_promo&utm_content=under-bed-storage-bins-low-clearance-pin-03","2026-08-26T15:00:00","under bed storage low clearance, low profile underbed bins, under bed bins under 6 inches"
